{
  "version": 1,
  "timestamp": "2026-04-18T18:56:48.501873+00:00",
  "state": {
    "iteration": 30,
    "partial_sum": 16.744559238031194,
    "data_buffer": [
      0.17909130769368686,
      0.22274265644328428,
      0.608430627194419,
      0.6743268218405111,
      0.8780916625240134,
      0.22466166435731139,
      0.5584785402829686,
      0.9119316788793786,
      0.34491916978885206,
      0.9777454267551469,
      0.8429888614190406,
      0.8580170734287453,
      0.4169643261396295,
      0.9100219186366635,
      0.628667632259075,
      0.5595407580133379,
      0.3942776753410667,
      0.14680216926516887,
      0.17316406437222798,
      0.6411050704198764,
      0.6425949273878906,
      0.21012772643338884,
      0.29281739679118723,
      0.8547847653312961,
      0.05755182186146934,
      0.885958582300953,
      0.8666833862937395,
      0.30628852541746276,
      0.8953294847867643,
      0.5804535163726384
    ]
  }
}